{
    "pattrstorage": {
        "name": "u903003080",
        "slots": {
            "1": {
                "id": 1,
                "data": {
                    "nuts": [ 0.0, 0.10013268791896512, 0.9415322504937649, 1.0 ],
                    "live.gain~": [ -23.154219816592096 ],
                    "umenu": [ 0 ]
                }
            },
            "2": {
                "id": 2,
                "data": {
                    "nuts": [ 1.0, 1.0, 1.0, 1.0 ],
                    "live.gain~": [ -23.154219816592096 ],
                    "umenu": [ 0 ]
                }
            }
        }
    }
}